person,project,time_start,time_end,duration
Frodo Baggins,Project b,2012-01-01 17:19:56+00:00,2012-01-01 18:04:56+00:00,1
Frodo Baggins,Project b,2012-01-01 20:43:49+00:00,2012-01-01 23:38:49+00:00,3
Frodo Baggins,Project b,2012-01-03 11:24:56+00:00,2012-01-03 15:44:56+00:00,5
Frodo Baggins,Project b,2012-01-06 01:32:38+00:00,2012-01-06 03:47:38+00:00,3
Frodo Baggins,Project b,2012-01-07 19:48:12+00:00,2012-01-07 23:13:12+00:00,4
Frodo Baggins,Project b,2012-01-08 04:44:44+00:00,2012-01-08 05:54:44+00:00,2
Frodo Baggins,Project b,2012-01-09 22:15:49+00:00,2012-01-10 02:13:49+00:00,4
Frodo Baggins,Project b,2012-01-10 08:48:27+00:00,2012-01-10 11:34:27+00:00,3
Frodo Baggins,Project b,2012-01-16 19:55:42+00:00,2012-01-16 23:48:42+00:00,4
Frodo Baggins,Project b,2012-01-18 12:17:52+00:00,2012-01-18 14:41:52+00:00,3
Frodo Baggins,Project a,2012-01-21 06:02:23+00:00,2012-01-21 07:53:23+00:00,2
Frodo Baggins,Project a,2012-01-24 22:53:17+00:00,2012-01-25 00:43:17+00:00,2
Frodo Baggins,Project b,2012-01-25 02:49:21+00:00,2012-01-25 03:42:21+00:00,1
Frodo Baggins,Project b,2012-01-31 08:43:39+00:00,2012-01-31 10:24:39+00:00,2
Frodo Baggins,Project b,2012-01-31 14:07:42+00:00,2012-01-31 16:01:42+00:00,2
Frodo Baggins,Project b,2012-01-31 23:52:12+00:00,2012-02-01 02:18:12+00:00,3
Frodo Baggins,Project b,2012-02-08 22:03:40+00:00,2012-02-09 00:18:40+00:00,3
Frodo Baggins,Project a,2012-02-09 02:53:21+00:00,2012-02-09 05:08:21+00:00,3
Frodo Baggins,Project b,2012-02-17 14:56:28+00:00,2012-02-17 19:26:28+00:00,5
Frodo Baggins,Project b,2012-02-18 02:29:31+00:00,2012-02-18 05:49:31+00:00,4
Frodo Baggins,Project b,2012-02-19 17:53:33+00:00,2012-02-19 19:28:33+00:00,2
Frodo Baggins,Project b,2012-03-01 18:36:53+00:00,2012-03-01 19:38:53+00:00,2
Frodo Baggins,Project b,2012-03-05 20:15:24+00:00,2012-03-06 00:15:24+00:00,4
Frodo Baggins,Project b,2012-03-06 05:59:08+00:00,2012-03-06 07:05:08+00:00,2
Frodo Baggins,Project b,2012-03-06 10:42:12+00:00,2012-03-06 12:41:12+00:00,2
Frodo Baggins,Project b,2012-03-10 11:57:09+00:00,2012-03-10 13:26:09+00:00,2
Frodo Baggins,Project b,2012-03-10 19:39:04+00:00,2012-03-10 20:13:04+00:00,1
Frodo Baggins,Project b,2012-03-16 22:57:48+00:00,2012-03-17 00:13:48+00:00,2
Frodo Baggins,Project d,2012-03-17 01:50:44+00:00,2012-03-17 02:45:44+00:00,1
Frodo Baggins,Project b,2012-03-19 04:30:41+00:00,2012-03-19 05:38:41+00:00,2
Frodo Baggins,Project b,2012-03-19 06:55:39+00:00,2012-03-19 10:00:39+00:00,4
Frodo Baggins,Project b,2012-03-20 22:37:32+00:00,2012-03-20 22:38:32+00:00,1
Frodo Baggins,Project b,2012-03-21 06:31:34+00:00,2012-03-21 06:41:34+00:00,1
Frodo Baggins,Project b,2012-03-23 10:35:39+00:00,2012-03-23 13:52:39+00:00,4
Frodo Baggins,Project b,2012-03-25 10:41:08+00:00,2012-03-25 11:15:08+00:00,1
Frodo Baggins,Project b,2012-03-31 13:14:31+00:00,2012-03-31 17:43:31+00:00,5
Frodo Baggins,Project b,2012-04-01 00:16:10+00:00,2012-04-01 02:50:10+00:00,3
Frodo Baggins,Project b,2012-04-02 16:55:12+00:00,2012-04-02 19:12:12+00:00,3
Frodo Baggins,Project b,2012-04-02 21:48:51+00:00,2012-04-02 23:57:51+00:00,3
Frodo Baggins,Project b,2012-04-05 08:31:45+00:00,2012-04-05 12:20:45+00:00,4
Frodo Baggins,Project b,2012-04-06 23:42:43+00:00,2012-04-07 00:31:43+00:00,1
Frodo Baggins,Project b,2012-04-07 10:07:01+00:00,2012-04-07 11:30:01+00:00,2
Frodo Baggins,Project b,2012-04-07 14:14:02+00:00,2012-04-07 14:30:02+00:00,1
Frodo Baggins,Project b,2012-04-09 08:13:22+00:00,2012-04-09 10:26:22+00:00,3
Frodo Baggins,Project b,2012-04-09 14:21:51+00:00,2012-04-09 15:21:51+00:00,1
Frodo Baggins,Project b,2012-04-15 18:31:18+00:00,2012-04-15 20:27:18+00:00,2
Frodo Baggins,Project b,2012-04-16 00:51:40+00:00,2012-04-16 04:46:40+00:00,4
Frodo Baggins,Project b,2012-04-18 16:40:57+00:00,2012-04-18 17:04:57+00:00,1
Frodo Baggins,Project b,2012-04-20 07:38:37+00:00,2012-04-20 09:21:37+00:00,2
Frodo Baggins,Project b,2012-04-22 07:58:55+00:00,2012-04-22 08:33:55+00:00,1
Frodo Baggins,Project b,2012-04-22 09:15:24+00:00,2012-04-22 09:17:24+00:00,1
Frodo Baggins,Project b,2012-04-22 11:26:03+00:00,2012-04-22 12:46:03+00:00,2
Frodo Baggins,Project b,2012-04-22 14:16:38+00:00,2012-04-22 15:44:38+00:00,2
Frodo Baggins,Project b,2012-04-22 17:25:30+00:00,2012-04-22 17:47:30+00:00,1
Frodo Baggins,Project b,2012-04-24 04:34:45+00:00,2012-04-24 04:50:45+00:00,1
Frodo Baggins,Project b,2012-04-24 05:09:07+00:00,2012-04-24 06:19:07+00:00,2
Frodo Baggins,Project b,2012-04-24 15:16:47+00:00,2012-04-24 18:57:47+00:00,4
Frodo Baggins,Project a,2012-04-24 23:29:25+00:00,2012-04-25 00:02:25+00:00,1
Frodo Baggins,Project b,2012-04-30 15:23:25+00:00,2012-04-30 17:10:25+00:00,2
Frodo Baggins,Project b,2012-05-01 02:39:09+00:00,2012-05-01 03:44:09+00:00,2
Frodo Baggins,Project b,2012-05-05 02:29:19+00:00,2012-05-05 03:18:19+00:00,1
Frodo Baggins,Project b,2012-05-05 04:13:59+00:00,2012-05-05 05:32:59+00:00,2
Frodo Baggins,Project b,2012-05-05 10:12:25+00:00,2012-05-05 11:17:25+00:00,2
Frodo Baggins,Project b,2012-05-07 05:16:17+00:00,2012-05-07 07:25:17+00:00,3
Frodo Baggins,Project b,2012-05-09 05:14:11+00:00,2012-05-09 05:50:11+00:00,1
Frodo Baggins,Project b,2012-05-09 11:15:38+00:00,2012-05-09 12:03:38+00:00,1
Frodo Baggins,Project b,2012-05-16 01:33:21+00:00,2012-05-16 03:27:21+00:00,2
Frodo Baggins,Project b,2012-05-16 05:38:35+00:00,2012-05-16 06:48:35+00:00,2
Frodo Baggins,Project b,2012-05-17 18:31:04+00:00,2012-05-17 21:20:04+00:00,3
Frodo Baggins,Project b,2012-05-18 06:13:33+00:00,2012-05-18 07:56:33+00:00,2
Frodo Baggins,Project b,2012-05-22 02:19:28+00:00,2012-05-22 04:52:28+00:00,3
Frodo Baggins,Project b,2012-05-22 07:47:25+00:00,2012-05-22 08:56:25+00:00,2
Frodo Baggins,Project b,2012-05-24 09:02:08+00:00,2012-05-24 10:32:08+00:00,2
Frodo Baggins,Project b,2012-05-24 17:24:47+00:00,2012-05-24 18:13:47+00:00,1
Frodo Baggins,Project b,2012-05-24 23:32:05+00:00,2012-05-25 00:24:05+00:00,1
Frodo Baggins,Project b,2012-05-30 16:30:51+00:00,2012-05-30 20:16:51+00:00,4
Frodo Baggins,Project b,2012-05-31 02:53:13+00:00,2012-05-31 06:26:13+00:00,4
Frodo Baggins,Project b,2012-06-01 19:01:08+00:00,2012-06-01 23:11:08+00:00,5
Frodo Baggins,Project b,2012-06-02 06:33:41+00:00,2012-06-02 09:00:41+00:00,3
Frodo Baggins,Project b,2012-06-03 22:31:31+00:00,2012-06-03 23:21:31+00:00,1
Frodo Baggins,Project b,2012-06-04 08:38:52+00:00,2012-06-04 08:49:52+00:00,1
Frodo Baggins,Project b,2012-06-04 09:00:47+00:00,2012-06-04 13:25:47+00:00,5
Frodo Baggins,Project b,2012-06-06 02:06:11+00:00,2012-06-06 05:01:11+00:00,3
Frodo Baggins,Project b,2012-06-06 16:26:46+00:00,2012-06-06 18:06:46+00:00,2
Frodo Baggins,Project b,2012-06-06 20:01:23+00:00,2012-06-06 21:01:23+00:00,1
Frodo Baggins,Project b,2012-06-08 07:41:02+00:00,2012-06-08 08:42:02+00:00,2
Frodo Baggins,Project b,2012-06-30 03:24:10+00:00,2012-06-30 07:11:10+00:00,4
Frodo Baggins,Project a,2012-07-01 22:40:57+00:00,2012-07-02 01:30:57+00:00,3
Frodo Baggins,Project b,2012-07-02 08:00:16+00:00,2012-07-02 11:18:16+00:00,4
Frodo Baggins,Project b,2012-07-04 00:18:14+00:00,2012-07-04 01:06:14+00:00,1
Frodo Baggins,Project b,2012-07-04 10:25:41+00:00,2012-07-04 13:59:41+00:00,4
Frodo Baggins,Project b,2012-07-06 21:30:34+00:00,2012-07-06 21:54:34+00:00,1
Frodo Baggins,Project b,2012-07-07 02:19:28+00:00,2012-07-07 03:10:28+00:00,1
Frodo Baggins,Project b,2012-07-08 08:44:39+00:00,2012-07-08 09:21:39+00:00,1
Frodo Baggins,Project b,2012-07-15 06:35:49+00:00,2012-07-15 09:45:49+00:00,4
Frodo Baggins,Project b,2012-07-16 20:57:30+00:00,2012-07-17 00:48:30+00:00,4
Frodo Baggins,Project b,2012-07-17 06:44:27+00:00,2012-07-17 08:06:27+00:00,2
Frodo Baggins,Project b,2012-07-17 13:26:51+00:00,2012-07-17 15:52:51+00:00,3
Frodo Baggins,Project b,2012-07-19 12:55:37+00:00,2012-07-19 13:08:37+00:00,1
Frodo Baggins,Project b,2012-07-21 13:47:11+00:00,2012-07-21 17:22:11+00:00,4
Frodo Baggins,Project b,2012-07-23 08:16:45+00:00,2012-07-23 09:02:45+00:00,1
Frodo Baggins,Project b,2012-07-23 09:54:34+00:00,2012-07-23 12:49:34+00:00,3
Frodo Baggins,Project b,2012-07-23 17:25:09+00:00,2012-07-23 18:10:09+00:00,1
Frodo Baggins,Project b,2012-07-23 22:52:06+00:00,2012-07-23 23:46:06+00:00,1
Frodo Baggins,Project b,2012-07-29 18:28:34+00:00,2012-07-29 22:33:34+00:00,5
Frodo Baggins,Project b,2012-07-30 04:42:40+00:00,2012-07-30 05:34:40+00:00,1
Frodo Baggins,Project b,2012-07-30 07:16:52+00:00,2012-07-30 08:56:52+00:00,2
Frodo Baggins,Project b,2012-07-31 21:48:13+00:00,2012-08-01 02:08:13+00:00,5
Frodo Baggins,Project b,2012-08-03 01:05:43+00:00,2012-08-03 05:18:43+00:00,5
Frodo Baggins,Project b,2012-08-05 04:58:50+00:00,2012-08-05 08:37:50+00:00,4
Frodo Baggins,Project b,2012-08-05 13:57:54+00:00,2012-08-05 14:59:54+00:00,2
Frodo Baggins,Project b,2012-08-05 17:17:57+00:00,2012-08-05 20:24:57+00:00,4
Frodo Baggins,Project b,2012-08-06 00:36:22+00:00,2012-08-06 00:58:22+00:00,1
Frodo Baggins,Project b,2012-08-07 07:53:36+00:00,2012-08-07 09:17:36+00:00,2
Frodo Baggins,Project b,2012-08-13 18:09:42+00:00,2012-08-13 22:09:42+00:00,4
Frodo Baggins,Project b,2012-08-14 03:42:38+00:00,2012-08-14 06:50:38+00:00,4
Frodo Baggins,Project b,2012-08-15 23:16:39+00:00,2012-08-16 03:31:39+00:00,5
Frodo Baggins,Project b,2012-08-16 09:32:35+00:00,2012-08-16 12:56:35+00:00,4
Frodo Baggins,Project b,2012-08-18 12:40:49+00:00,2012-08-18 13:58:49+00:00,2
Frodo Baggins,Project b,2012-08-20 05:24:31+00:00,2012-08-20 09:25:31+00:00,5
Frodo Baggins,Project b,2012-08-22 18:55:20+00:00,2012-08-22 21:42:20+00:00,3
Frodo Baggins,Project b,2012-08-29 05:38:16+00:00,2012-08-29 08:03:16+00:00,3
Frodo Baggins,Project b,2012-08-29 11:21:00+00:00,2012-08-29 11:53:00+00:00,1
Frodo Baggins,Project b,2012-08-29 13:06:40+00:00,2012-08-29 13:47:40+00:00,1
Frodo Baggins,Project b,2012-08-30 22:53:30+00:00,2012-08-31 00:09:30+00:00,2
Frodo Baggins,Project b,2012-08-31 01:35:28+00:00,2012-08-31 04:26:28+00:00,3
Frodo Baggins,Project b,2012-08-31 10:12:25+00:00,2012-08-31 15:16:25+00:00,6
Frodo Baggins,Project b,2012-09-02 02:03:23+00:00,2012-09-02 06:16:23+00:00,5
Frodo Baggins,Project b,2012-09-02 12:42:56+00:00,2012-09-02 16:24:56+00:00,4
Frodo Baggins,Project b,2012-09-04 06:07:06+00:00,2012-09-04 09:52:06+00:00,4
Frodo Baggins,Project b,2012-09-04 15:28:01+00:00,2012-09-04 19:37:01+00:00,5
Frodo Baggins,Project b,2012-09-06 09:03:00+00:00,2012-09-06 13:10:00+00:00,5
Frodo Baggins,Project b,2012-09-15 10:25:13+00:00,2012-09-15 11:48:13+00:00,2
Frodo Baggins,Project b,2012-09-19 07:12:52+00:00,2012-09-19 11:10:52+00:00,4
Frodo Baggins,Project b,2012-09-19 17:12:23+00:00,2012-09-19 21:27:23+00:00,5
Frodo Baggins,Project b,2012-09-21 14:53:23+00:00,2012-09-21 15:44:23+00:00,1
Frodo Baggins,Project a,2012-09-21 16:41:35+00:00,2012-09-21 17:45:35+00:00,2
Frodo Baggins,Project a,2012-09-21 21:39:23+00:00,2012-09-21 23:38:23+00:00,2
Frodo Baggins,Project b,2012-09-27 20:52:02+00:00,2012-09-27 21:52:02+00:00,1
Frodo Baggins,Project b,2012-09-28 01:53:03+00:00,2012-09-28 02:48:03+00:00,1
Frodo Baggins,Project b,2012-09-29 23:53:13+00:00,2012-09-30 01:24:13+00:00,2
Frodo Baggins,Project b,2012-09-30 03:07:39+00:00,2012-09-30 05:35:39+00:00,3
Frodo Baggins,Project b,2012-09-30 09:29:40+00:00,2012-09-30 11:24:40+00:00,2
Frodo Baggins,Project b,2012-10-02 02:54:50+00:00,2012-10-02 03:32:50+00:00,1
Frodo Baggins,Project b,2012-10-04 07:37:30+00:00,2012-10-04 10:51:30+00:00,4
Frodo Baggins,Project b,2012-10-04 15:36:29+00:00,2012-10-04 15:49:29+00:00,1
Frodo Baggins,Project b,2012-10-06 10:36:42+00:00,2012-10-06 14:34:42+00:00,4
Frodo Baggins,Project b,2012-10-06 20:41:21+00:00,2012-10-06 21:08:21+00:00,1
Frodo Baggins,Project b,2012-10-07 02:15:32+00:00,2012-10-07 03:28:32+00:00,2
Frodo Baggins,Project b,2012-10-15 09:49:22+00:00,2012-10-15 10:44:22+00:00,1
Frodo Baggins,Project a,2012-10-15 12:46:55+00:00,2012-10-15 16:40:55+00:00,4
Frodo Baggins,Project a,2012-10-17 06:15:57+00:00,2012-10-17 09:09:57+00:00,3
Frodo Baggins,Project b,2012-10-17 19:58:59+00:00,2012-10-17 21:37:59+00:00,2
Frodo Baggins,Project b,2012-10-19 07:34:21+00:00,2012-10-19 10:33:21+00:00,3
Frodo Baggins,Project b,2012-10-19 13:58:30+00:00,2012-10-19 14:34:30+00:00,1
Frodo Baggins,Project b,2012-10-19 16:13:47+00:00,2012-10-19 21:05:47+00:00,5
Frodo Baggins,Project b,2012-10-27 21:01:32+00:00,2012-10-27 23:28:32+00:00,3
Frodo Baggins,Project b,2012-10-28 04:02:10+00:00,2012-10-28 05:04:10+00:00,2
Frodo Baggins,Project b,2012-10-28 13:39:10+00:00,2012-10-28 13:54:10+00:00,1
Frodo Baggins,Project b,2012-10-30 00:36:12+00:00,2012-10-30 04:44:12+00:00,5
Frodo Baggins,Project b,2012-10-30 11:39:20+00:00,2012-10-30 14:13:20+00:00,3
Frodo Baggins,Project b,2012-10-30 17:07:52+00:00,2012-10-30 18:17:52+00:00,2
Frodo Baggins,Project b,2012-11-01 15:45:18+00:00,2012-11-01 16:45:18+00:00,1
Frodo Baggins,Project b,2012-11-01 19:20:32+00:00,2012-11-01 20:59:32+00:00,2
Frodo Baggins,Project b,2012-11-03 07:11:12+00:00,2012-11-03 08:08:12+00:00,1
Frodo Baggins,Project b,2012-11-03 09:44:43+00:00,2012-11-03 10:50:43+00:00,2
Frodo Baggins,Project b,2012-11-03 12:58:52+00:00,2012-11-03 14:27:52+00:00,2
Frodo Baggins,Project b,2012-11-05 11:04:47+00:00,2012-11-05 12:30:47+00:00,2
Frodo Baggins,Project b,2012-11-05 20:49:13+00:00,2012-11-05 21:10:13+00:00,1
Frodo Baggins,Project b,2012-11-12 17:44:34+00:00,2012-11-12 18:39:34+00:00,1
Frodo Baggins,Project b,2012-11-14 12:24:48+00:00,2012-11-14 14:21:48+00:00,2
Frodo Baggins,Project b,2012-11-16 14:42:32+00:00,2012-11-16 17:59:32+00:00,4
Frodo Baggins,Project b,2012-11-18 17:38:23+00:00,2012-11-18 21:07:23+00:00,4
Frodo Baggins,Project b,2012-11-19 01:06:30+00:00,2012-11-19 01:22:30+00:00,1
Frodo Baggins,Project b,2012-11-19 03:11:19+00:00,2012-11-19 03:44:19+00:00,1
Frodo Baggins,Project a,2012-11-20 13:55:54+00:00,2012-11-20 16:59:54+00:00,4
Frodo Baggins,Project b,2012-11-26 22:00:23+00:00,2012-11-27 00:29:23+00:00,3
Frodo Baggins,Project b,2012-11-27 08:49:45+00:00,2012-11-27 12:19:45+00:00,4
Frodo Baggins,Project b,2012-11-27 16:29:55+00:00,2012-11-27 17:06:55+00:00,1
Frodo Baggins,Project b,2012-11-29 04:07:30+00:00,2012-11-29 06:15:30+00:00,3
Frodo Baggins,Project b,2012-11-29 08:48:34+00:00,2012-11-29 09:46:34+00:00,1
Frodo Baggins,Project b,2012-11-29 11:57:49+00:00,2012-11-29 13:49:49+00:00,2
Frodo Baggins,Project b,2012-12-01 05:32:50+00:00,2012-12-01 07:35:50+00:00,3
Frodo Baggins,Project b,2012-12-01 12:45:18+00:00,2012-12-01 13:25:18+00:00,1
Frodo Baggins,Project b,2012-12-01 16:00:23+00:00,2012-12-01 16:57:23+00:00,1
Frodo Baggins,Project b,2012-12-03 11:37:33+00:00,2012-12-03 14:33:33+00:00,3
Frodo Baggins,Project a,2012-12-03 22:55:36+00:00,2012-12-04 01:59:36+00:00,4
Frodo Baggins,Project a,2012-12-05 12:02:17+00:00,2012-12-05 15:55:17+00:00,4
Frodo Baggins,Project a,2012-12-06 04:56:26+00:00,2012-12-06 05:50:26+00:00,1
Frodo Baggins,Project b,2012-12-14 12:04:25+00:00,2012-12-14 12:25:25+00:00,1
Frodo Baggins,Project b,2012-12-14 14:33:22+00:00,2012-12-14 16:18:22+00:00,2
Frodo Baggins,Project b,2012-12-18 21:50:41+00:00,2012-12-18 23:03:41+00:00,2
Frodo Baggins,Project b,2012-12-20 17:03:51+00:00,2012-12-20 18:55:51+00:00,2
Frodo Baggins,Project b,2012-12-20 22:23:15+00:00,2012-12-21 01:50:15+00:00,4
Frodo Baggins,Project b,2012-12-26 20:23:07+00:00,2012-12-27 00:40:07+00:00,5
Frodo Baggins,Project b,2012-12-29 10:47:59+00:00,2012-12-29 12:07:59+00:00,2
Frodo Baggins,Project b,2012-12-29 14:08:34+00:00,2012-12-29 17:22:34+00:00,4
Frodo Baggins,Project b,2012-12-31 07:26:20+00:00,2012-12-31 10:04:20+00:00,3
Frodo Baggins,Project b,2012-12-31 16:44:24+00:00,2012-12-31 16:52:24+00:00,1
Frodo Baggins,Project b,2012-12-31 17:00:00+00:00,2012-12-31 20:27:00+00:00,4
Gandalf,Project c,2012-01-01 13:00:39+00:00,2012-01-01 13:01:39+00:00,1
Gandalf,Project b,2012-01-05 00:08:26+00:00,2012-01-05 02:08:26+00:00,2
Gandalf,Project b,2012-01-07 23:08:01+00:00,2012-01-08 03:08:01+00:00,4
Gandalf,Project b,2012-01-11 10:53:52+00:00,2012-01-11 14:53:52+00:00,4
Gandalf,Project b,2012-01-13 11:40:46+00:00,2012-01-13 15:40:46+00:00,4
Gandalf,Project b,2012-01-23 08:09:29+00:00,2012-01-23 12:09:29+00:00,4
Gandalf,Project b,2012-01-26 02:23:39+00:00,2012-01-26 10:23:39+00:00,8
Gandalf,Project b,2012-02-08 04:23:28+00:00,2012-02-08 06:23:28+00:00,2
Gandalf,Project a,2012-02-18 03:12:40+00:00,2012-02-18 03:42:40+00:00,1
Gandalf,Project b,2012-02-19 22:06:49+00:00,2012-02-20 06:06:49+00:00,8
Gandalf,Project b,2012-02-20 20:12:34+00:00,2012-02-21 04:12:34+00:00,8
Gandalf,Project b,2012-02-21 18:18:19+00:00,2012-02-22 02:18:19+00:00,8
Gandalf,Project b,2012-02-24 12:35:35+00:00,2012-02-24 20:35:35+00:00,8
Gandalf,Project b,2012-02-26 08:47:05+00:00,2012-02-26 16:47:05+00:00,8
Gandalf,Project b,2012-02-28 04:58:36+00:00,2012-02-28 12:58:36+00:00,8
Gandalf,Project c,2012-03-02 21:21:36+00:00,2012-03-03 05:21:36+00:00,8
Gandalf,Project b,2012-03-04 17:33:07+00:00,2012-03-05 01:33:07+00:00,8
Gandalf,Project c,2012-03-12 02:19:08+00:00,2012-03-12 10:19:08+00:00,8
Gandalf,Project c,2012-03-15 18:42:08+00:00,2012-03-16 02:42:08+00:00,8
Gandalf,Project c,2012-03-17 14:53:39+00:00,2012-03-17 22:53:39+00:00,8
Gandalf,Project c,2012-03-24 01:33:55+00:00,2012-03-24 09:33:55+00:00,8
Gandalf,Project c,2012-03-24 23:39:40+00:00,2012-03-25 07:39:40+00:00,8
Gandalf,Project c,2012-03-28 16:02:41+00:00,2012-03-29 00:02:41+00:00,8
Gandalf,Project c,2012-03-29 14:08:26+00:00,2012-03-29 22:08:26+00:00,8
Gandalf,Project c,2012-03-30 12:14:11+00:00,2012-03-30 20:14:11+00:00,8
Gandalf,Project c,2012-03-31 10:19:56+00:00,2012-03-31 18:19:56+00:00,8
Gandalf,Project c,2012-04-03 04:37:12+00:00,2012-04-03 08:37:12+00:00,4
Gandalf,Project a,2012-04-03 10:08:38+00:00,2012-04-03 12:08:38+00:00,2
Gandalf,Project c,2012-04-04 02:42:57+00:00,2012-04-04 03:42:57+00:00,1
Gandalf,Project c,2012-04-04 03:38:11+00:00,2012-04-04 04:38:11+00:00,1
Gandalf,Project b,2012-04-06 02:35:25+00:00,2012-04-06 06:35:25+00:00,4
Gandalf,Project c,2012-04-10 15:13:42+00:00,2012-04-10 18:13:42+00:00,3
Gandalf,Project b,2012-04-10 23:30:51+00:00,2012-04-11 01:30:51+00:00,2
Gandalf,Project c,2012-04-16 01:57:44+00:00,2012-04-16 03:57:44+00:00,2
Gandalf,Project b,2012-04-16 05:38:41+00:00,2012-04-16 09:38:41+00:00,4
Gandalf,Project b,2012-04-17 00:03:29+00:00,2012-04-17 08:03:29+00:00,8
Gandalf,Project c,2012-04-17 00:03:29+00:00,2012-04-17 01:03:29+00:00,1
Gandalf,Project b,2012-04-17 22:09:14+00:00,2012-04-18 06:09:14+00:00,8
Gandalf,Project c,2012-04-18 23:55:57+00:00,2012-04-19 03:55:57+00:00,4
Gandalf,Project c,2012-04-19 18:20:45+00:00,2012-04-19 19:20:45+00:00,1
Gandalf,Project b,2012-04-19 18:20:45+00:00,2012-04-20 02:20:45+00:00,8
Gandalf,Project b,2012-04-22 12:38:00+00:00,2012-04-22 16:38:00+00:00,4
Gandalf,Project b,2012-04-22 16:18:58+00:00,2012-04-22 20:18:58+00:00,4
Gandalf,Project b,2012-04-23 11:39:00+00:00,2012-04-23 15:39:00+00:00,4
Gandalf,Project c,2012-04-23 15:19:57+00:00,2012-04-23 18:19:57+00:00,3
Gandalf,Project c,2012-05-12 18:44:34+00:00,2012-05-13 02:44:34+00:00,8
Gandalf,Project c,2012-05-19 05:24:50+00:00,2012-05-19 13:24:50+00:00,8
Gandalf,Project c,2012-05-21 23:42:05+00:00,2012-05-22 07:42:05+00:00,8
Gandalf,Project c,2012-05-26 14:10:51+00:00,2012-05-26 22:10:51+00:00,8
Gandalf,Project c,2012-05-27 12:16:36+00:00,2012-05-27 20:16:36+00:00,8
Gandalf,Project b,2012-05-28 10:22:21+00:00,2012-05-28 18:22:21+00:00,8
Gandalf,Project c,2012-05-28 10:22:21+00:00,2012-05-28 12:22:21+00:00,2
Gandalf,Project b,2012-05-31 04:39:37+00:00,2012-05-31 12:39:37+00:00,8
Gandalf,Project b,2012-06-01 02:45:22+00:00,2012-06-01 10:45:22+00:00,8
Gandalf,Project b,2012-06-02 22:56:52+00:00,2012-06-03 06:56:52+00:00,8
Gandalf,Project c,2012-06-07 13:25:38+00:00,2012-06-07 15:25:38+00:00,2
Gandalf,Project b,2012-06-09 09:37:08+00:00,2012-06-09 17:37:08+00:00,8
Gandalf,Project b,2012-06-10 07:42:54+00:00,2012-06-10 15:42:54+00:00,8
Gandalf,Project b,2012-06-13 02:00:09+00:00,2012-06-13 10:00:09+00:00,8
Gandalf,Project b,2012-06-14 00:05:54+00:00,2012-06-14 08:05:54+00:00,8
Gandalf,Project b,2012-06-14 22:11:39+00:00,2012-06-15 06:11:39+00:00,8
Gandalf,Project c,2012-06-19 16:21:23+00:00,2012-06-19 20:21:23+00:00,4
Gandalf,Project c,2012-06-20 10:46:10+00:00,2012-06-20 18:46:10+00:00,8
Gandalf,Project b,2012-06-23 05:03:26+00:00,2012-06-23 13:03:26+00:00,8
Gandalf,Project c,2012-06-26 21:26:27+00:00,2012-06-27 01:26:27+00:00,4
Gandalf,Project b,2012-06-28 21:18:54+00:00,2012-06-29 01:18:54+00:00,4
Gandalf,Project c,2012-06-29 19:24:40+00:00,2012-06-29 23:24:40+00:00,4
Gandalf,Project b,2012-07-02 10:00:58+00:00,2012-07-02 18:00:58+00:00,8
Gandalf,Project c,2012-07-03 08:06:43+00:00,2012-07-03 12:06:43+00:00,4
Gandalf,Project b,2012-07-04 06:12:28+00:00,2012-07-04 14:12:28+00:00,8
Gandalf,Project b,2012-07-05 07:59:11+00:00,2012-07-05 11:59:11+00:00,4
Gandalf,Project c,2012-07-08 20:41:14+00:00,2012-07-09 00:41:14+00:00,4
Gandalf,Project b,2012-07-09 02:12:40+00:00,2012-07-09 04:12:40+00:00,2
Gandalf,Project b,2012-07-10 16:52:44+00:00,2012-07-11 00:52:44+00:00,8
Gandalf,Project b,2012-07-12 13:04:14+00:00,2012-07-12 21:04:14+00:00,8
Gandalf,Project c,2012-07-12 17:40:26+00:00,2012-07-12 19:40:26+00:00,2
Gandalf,Project c,2012-07-16 08:12:58+00:00,2012-07-16 12:12:58+00:00,4
Gandalf,Project b,2012-07-17 03:33:00+00:00,2012-07-17 11:33:00+00:00,8
Gandalf,Project b,2012-07-18 01:38:45+00:00,2012-07-18 09:38:45+00:00,8
Gandalf,Project a,2012-07-21 18:01:46+00:00,2012-07-22 02:01:46+00:00,8
Gandalf,Project b,2012-07-22 16:07:31+00:00,2012-07-23 00:07:31+00:00,8
Gandalf,Project b,2012-07-23 14:13:16+00:00,2012-07-23 22:13:16+00:00,8
Gandalf,Project b,2012-07-24 12:19:01+00:00,2012-07-24 16:17:01+00:00,4
Gandalf,Project b,2012-07-24 15:59:59+00:00,2012-07-24 19:59:59+00:00,4
Gandalf,Project c,2012-07-24 16:55:13+00:00,2012-07-24 18:55:13+00:00,2
Gandalf,Project c,2012-07-25 10:24:47+00:00,2012-07-25 18:24:47+00:00,8
Gandalf,Project b,2012-07-28 04:42:02+00:00,2012-07-28 08:42:02+00:00,4
Gandalf,Project b,2012-07-29 02:47:47+00:00,2012-07-29 06:47:47+00:00,4
Gandalf,Project c,2012-07-29 02:47:47+00:00,2012-07-29 04:47:47+00:00,2
Gandalf,Project c,2012-08-04 13:28:03+00:00,2012-08-04 21:28:03+00:00,8
Gandalf,Project c,2012-08-05 11:33:49+00:00,2012-08-05 15:33:49+00:00,4
Gandalf,Project c,2012-08-06 09:39:34+00:00,2012-08-06 17:39:34+00:00,8
Gandalf,Project c,2012-08-10 01:07:20+00:00,2012-08-10 05:07:20+00:00,4
Gandalf,Project b,2012-08-10 05:43:32+00:00,2012-08-10 07:43:32+00:00,2
Gandalf,Project c,2012-08-10 07:34:01+00:00,2012-08-10 09:34:01+00:00,2
Gandalf,Project c,2012-08-11 04:44:31+00:00,2012-08-11 06:44:31+00:00,2
Gandalf,Project b,2012-08-11 21:18:50+00:00,2012-08-12 01:18:50+00:00,4
Gandalf,Project c,2012-08-12 01:55:02+00:00,2012-08-12 05:55:02+00:00,4
Gandalf,Project c,2012-08-13 17:30:21+00:00,2012-08-13 23:30:21+00:00,6
Gandalf,Project c,2012-08-13 23:01:47+00:00,2012-08-14 01:01:47+00:00,2
Gandalf,Project c,2012-08-17 11:43:50+00:00,2012-08-17 19:43:50+00:00,8
Gandalf,Project c,2012-08-18 13:30:33+00:00,2012-08-18 17:30:33+00:00,4
Gandalf,Project c,2012-08-19 11:36:18+00:00,2012-08-19 15:36:18+00:00,4
Gandalf,Project b,2012-08-24 20:29:51+00:00,2012-08-25 04:29:51+00:00,8
Gandalf,Project b,2012-08-29 15:34:49+00:00,2012-08-29 18:34:49+00:00,3
Gandalf,Project b,2012-08-29 20:38:38+00:00,2012-08-29 21:38:38+00:00,1
Gandalf,Project b,2012-08-30 09:04:22+00:00,2012-08-30 17:04:22+00:00,8
Gandalf,Project c,2012-09-01 05:15:53+00:00,2012-09-01 13:15:53+00:00,8
Gandalf,Project c,2012-09-02 03:21:38+00:00,2012-09-02 11:21:38+00:00,8
Gandalf,Project c,2012-09-04 20:43:39+00:00,2012-09-04 22:43:39+00:00,2
Gandalf,Project b,2012-09-04 22:34:08+00:00,2012-09-05 00:34:08+00:00,2
Gandalf,Project c,2012-09-05 01:19:51+00:00,2012-09-05 05:19:51+00:00,4
Gandalf,Project c,2012-09-05 05:00:48+00:00,2012-09-05 07:00:48+00:00,2
Gandalf,Project b,2012-09-05 08:41:46+00:00,2012-09-05 10:41:46+00:00,2
Gandalf,Project c,2012-09-05 20:39:53+00:00,2012-09-05 22:39:53+00:00,2
Gandalf,Project c,2012-09-05 23:25:36+00:00,2012-09-06 03:25:36+00:00,4
Gandalf,Project c,2012-09-06 16:55:09+00:00,2012-09-06 20:55:09+00:00,4
Gandalf,Project c,2012-09-07 15:00:54+00:00,2012-09-07 17:00:54+00:00,2
Gandalf,Project b,2012-09-07 16:51:23+00:00,2012-09-07 18:51:23+00:00,2
Gandalf,Project c,2012-09-08 14:01:54+00:00,2012-09-08 22:01:54+00:00,8
Gandalf,Project c,2012-09-11 08:19:09+00:00,2012-09-11 16:19:09+00:00,8
Gandalf,Project c,2012-09-12 06:24:55+00:00,2012-09-12 08:24:55+00:00,2
Gandalf,Project c,2012-09-13 04:30:40+00:00,2012-09-13 12:30:40+00:00,8
Gandalf,Project c,2012-09-14 02:36:25+00:00,2012-09-14 10:36:25+00:00,8
Gandalf,Project c,2012-09-15 00:42:10+00:00,2012-09-15 06:42:10+00:00,6
Gandalf,Project a,2012-09-15 00:42:10+00:00,2012-09-15 02:42:10+00:00,2
Gandalf,Project b,2012-09-15 04:23:08+00:00,2012-09-15 05:23:08+00:00,1
Gandalf,Project c,2012-09-15 06:13:36+00:00,2012-09-15 07:13:36+00:00,1
Gandalf,Project b,2012-09-18 00:30:52+00:00,2012-09-18 01:30:52+00:00,1
Gandalf,Project b,2012-09-19 15:10:56+00:00,2012-09-19 19:10:56+00:00,4
Gandalf,Project c,2012-09-19 20:42:22+00:00,2012-09-19 23:42:22+00:00,3
Gandalf,Project c,2012-09-21 10:27:12+00:00,2012-09-21 13:27:12+00:00,3
Gandalf,Project c,2012-09-21 15:58:38+00:00,2012-09-21 19:58:38+00:00,4
Gandalf,Project c,2012-09-24 05:39:42+00:00,2012-09-24 13:39:42+00:00,8
Gandalf,Project b,2012-09-25 03:45:27+00:00,2012-09-25 07:45:27+00:00,4
Gandalf,Project b,2012-09-26 03:41:41+00:00,2012-09-26 05:41:41+00:00,2
Gandalf,Project a,2012-09-30 16:19:58+00:00,2012-09-30 18:19:58+00:00,2
Gandalf,Project c,2012-09-30 17:15:12+00:00,2012-10-01 01:15:12+00:00,8
Gandalf,Project c,2012-10-01 14:25:43+00:00,2012-10-01 18:25:43+00:00,4
Gandalf,Project b,2012-10-01 18:06:40+00:00,2012-10-01 22:06:40+00:00,4
Gandalf,Project a,2012-10-01 21:47:38+00:00,2012-10-01 23:47:38+00:00,2
Gandalf,Project c,2012-10-02 12:31:28+00:00,2012-10-02 16:31:28+00:00,4
Gandalf,Project c,2012-10-02 16:12:26+00:00,2012-10-02 18:12:26+00:00,2
Gandalf,Project b,2012-10-04 10:33:27+00:00,2012-10-04 12:33:27+00:00,2
Gandalf,Project b,2012-10-15 09:52:00+00:00,2012-10-15 11:52:00+00:00,2
Gandalf,Project c,2012-10-17 06:03:31+00:00,2012-10-17 10:03:31+00:00,4
Gandalf,Project c,2012-10-21 03:02:43+00:00,2012-10-21 05:02:43+00:00,2
Gandalf,Project c,2012-10-21 23:18:00+00:00,2012-10-22 01:18:00+00:00,2
Gandalf,Project c,2012-10-22 23:14:14+00:00,2012-10-23 03:14:14+00:00,4
Gandalf,Project a,2012-10-23 17:39:01+00:00,2012-10-23 19:39:01+00:00,2
Gandalf,Project c,2012-10-24 16:40:01+00:00,2012-10-24 18:40:01+00:00,2
Gandalf,Project c,2012-10-25 00:57:10+00:00,2012-10-25 02:57:10+00:00,2
Gandalf,Project c,2012-10-26 14:42:00+00:00,2012-10-26 16:42:00+00:00,2
Gandalf,Project b,2012-10-29 08:59:15+00:00,2012-10-29 12:59:15+00:00,4
Gandalf,Project c,2012-10-30 03:24:03+00:00,2012-10-30 07:24:03+00:00,4
Gandalf,Project c,2012-11-01 21:41:18+00:00,2012-11-02 03:41:18+00:00,6
Gandalf,Project c,2012-11-02 23:28:01+00:00,2012-11-03 01:28:01+00:00,2
Gandalf,Project c,2012-11-03 17:52:49+00:00,2012-11-03 23:52:49+00:00,6
Gandalf,Project c,2012-11-04 15:58:34+00:00,2012-11-04 21:58:34+00:00,6
Gandalf,Project c,2012-11-05 14:04:19+00:00,2012-11-05 16:04:19+00:00,2
Gandalf,Project b,2012-11-08 07:26:20+00:00,2012-11-08 09:26:20+00:00,2
Gandalf,Project c,2012-11-08 09:16:49+00:00,2012-11-08 15:16:49+00:00,6
Gandalf,Project c,2012-11-09 05:32:05+00:00,2012-11-09 09:32:05+00:00,4
Gandalf,Project c,2012-11-09 09:13:03+00:00,2012-11-09 13:13:03+00:00,4
Gandalf,Project c,2012-11-11 02:38:50+00:00,2012-11-11 04:38:50+00:00,2
Gandalf,Project c,2012-11-11 09:05:31+00:00,2012-11-11 11:05:31+00:00,2
Gandalf,Project a,2012-11-12 01:39:50+00:00,2012-11-12 03:39:50+00:00,2
Gandalf,Project c,2012-11-14 23:38:03+00:00,2012-11-15 03:38:03+00:00,4
Gandalf,Project b,2012-11-16 19:49:33+00:00,2012-11-16 21:49:33+00:00,2
Gandalf,Project c,2012-11-17 13:19:06+00:00,2012-11-17 15:19:06+00:00,2
Gandalf,Project b,2012-11-17 17:55:18+00:00,2012-11-17 19:55:18+00:00,2
Gandalf,Project c,2012-11-18 11:24:51+00:00,2012-11-18 15:24:51+00:00,4
Gandalf,Project c,2012-11-18 16:01:03+00:00,2012-11-18 20:01:03+00:00,4
Gandalf,Project c,2012-11-22 04:43:06+00:00,2012-11-22 06:43:06+00:00,2
Gandalf,Project c,2012-11-22 07:28:49+00:00,2012-11-22 12:28:49+00:00,5
Gandalf,Project c,2012-11-24 01:49:51+00:00,2012-11-24 03:49:51+00:00,2
Gandalf,Project c,2012-11-28 14:28:08+00:00,2012-11-28 15:28:08+00:00,1
Gandalf,Project c,2012-11-28 19:04:20+00:00,2012-11-28 20:04:20+00:00,1
Gandalf,Project a,2012-11-29 12:33:53+00:00,2012-11-29 15:33:53+00:00,3
Gandalf,Project c,2012-11-30 14:20:36+00:00,2012-11-30 16:20:36+00:00,2
Gandalf,Project a,2012-12-01 11:31:07+00:00,2012-12-01 15:31:07+00:00,4
Gandalf,Project b,2012-12-04 08:34:05+00:00,2012-12-04 10:34:05+00:00,2
Gandalf,Project c,2012-12-05 01:08:24+00:00,2012-12-05 02:08:24+00:00,1
Gandalf,Project c,2012-12-05 02:03:39+00:00,2012-12-05 04:03:39+00:00,2
Gandalf,Project b,2012-12-10 16:28:38+00:00,2012-12-10 19:28:38+00:00,3
Gandalf,Project c,2012-12-10 19:14:21+00:00,2012-12-10 21:14:21+00:00,2
Gandalf,Project c,2012-12-11 11:48:40+00:00,2012-12-11 13:48:40+00:00,2
Gandalf,Project b,2012-12-11 18:15:21+00:00,2012-12-11 20:15:21+00:00,2
Gandalf,Project c,2012-12-13 08:00:11+00:00,2012-12-13 16:00:11+00:00,8
Gandalf,Project b,2012-12-18 04:00:23+00:00,2012-12-18 06:00:23+00:00,2
Gandalf,Project a,2012-12-19 19:08:04+00:00,2012-12-19 21:08:04+00:00,2
Gandalf,Project a,2012-12-19 23:16:39+00:00,2012-12-20 02:16:39+00:00,3
Gandalf,Project a,2012-12-20 16:46:12+00:00,2012-12-20 18:16:12+00:00,2
Gandalf,Project a,2012-12-20 18:09:04+00:00,2012-12-20 19:39:04+00:00,2
Gandalf,Project c,2012-12-23 14:44:25+00:00,2012-12-23 18:44:25+00:00,4
Gandalf,Project c,2012-12-24 13:45:24+00:00,2012-12-24 19:45:24+00:00,6
Gandalf,Project a,2012-12-25 07:01:09+00:00,2012-12-25 09:01:09+00:00,2
Gandalf,Project b,2012-12-25 11:23:32+00:00,2012-12-25 12:23:32+00:00,1
Gandalf,Project a,2012-12-26 09:56:55+00:00,2012-12-26 12:56:55+00:00,3
Gandalf,Project a,2012-12-27 03:26:28+00:00,2012-12-27 06:26:28+00:00,3
Merry Brandybuck,Project a,2012-01-01 10:00:00+00:00,2012-01-01 10:31:00+00:00,1
Merry Brandybuck,Project a,2012-01-01 13:19:37+00:00,2012-01-01 13:28:37+00:00,1
Merry Brandybuck,Project a,2012-01-02 12:59:19+00:00,2012-01-02 13:26:19+00:00,1
Merry Brandybuck,Project a,2012-01-02 14:11:15+00:00,2012-01-02 14:24:15+00:00,1
Merry Brandybuck,Project a,2012-01-04 07:12:00+00:00,2012-01-04 07:57:00+00:00,1
Merry Brandybuck,Project a,2012-01-07 22:04:15+00:00,2012-01-07 23:02:15+00:00,1
Merry Brandybuck,Project a,2012-01-14 09:28:46+00:00,2012-01-14 10:27:46+00:00,1
Merry Brandybuck,Project a,2012-02-12 03:37:47+00:00,2012-02-12 04:59:47+00:00,2
Merry Brandybuck,Project a,2012-02-12 06:15:26+00:00,2012-02-12 06:30:26+00:00,1
Merry Brandybuck,Project a,2012-02-14 23:49:11+00:00,2012-02-15 01:15:11+00:00,2
Merry Brandybuck,Project a,2012-02-15 20:05:56+00:00,2012-02-15 20:39:56+00:00,1
Merry Brandybuck,Project a,2012-02-16 18:32:26+00:00,2012-02-16 18:33:26+00:00,1
Merry Brandybuck,Project a,2012-02-17 17:09:42+00:00,2012-02-17 19:19:42+00:00,3
Merry Brandybuck,Project a,2012-02-21 10:43:12+00:00,2012-02-21 13:30:12+00:00,3
Merry Brandybuck,Project a,2012-02-26 20:11:01+00:00,2012-02-26 20:22:01+00:00,1
Merry Brandybuck,Project a,2012-02-26 20:59:06+00:00,2012-02-26 21:00:06+00:00,1
Merry Brandybuck,Project a,2012-02-26 20:59:10+00:00,2012-02-26 22:26:10+00:00,2
Merry Brandybuck,Project a,2012-02-29 16:49:41+00:00,2012-02-29 17:28:41+00:00,1
Merry Brandybuck,Project a,2012-03-11 18:51:45+00:00,2012-03-11 19:12:45+00:00,1
Merry Brandybuck,Project a,2012-03-13 12:07:25+00:00,2012-03-13 14:20:25+00:00,3
Merry Brandybuck,Project a,2012-03-13 14:11:17+00:00,2012-03-13 14:24:17+00:00,1
Merry Brandybuck,Project a,2012-03-18 04:56:07+00:00,2012-03-18 06:07:07+00:00,2
Merry Brandybuck,Project a,2012-03-18 06:48:50+00:00,2012-03-18 08:19:50+00:00,2
Merry Brandybuck,Project a,2012-03-20 03:09:26+00:00,2012-03-20 05:07:26+00:00,2
Merry Brandybuck,Project a,2012-03-20 11:17:57+00:00,2012-03-20 13:35:57+00:00,3
Merry Brandybuck,Project a,2012-03-21 20:24:10+00:00,2012-03-21 23:49:10+00:00,4
Merry Brandybuck,Project a,2012-03-24 17:09:55+00:00,2012-03-24 20:05:55+00:00,3
Merry Brandybuck,Project a,2012-03-25 03:40:48+00:00,2012-03-25 04:40:48+00:00,1
Merry Brandybuck,Project a,2012-03-30 10:38:10+00:00,2012-03-30 11:43:10+00:00,2
Merry Brandybuck,Project a,2012-03-30 11:37:57+00:00,2012-03-30 14:21:57+00:00,3
Merry Brandybuck,Project a,2012-04-05 20:18:37+00:00,2012-04-06 00:42:37+00:00,5
Merry Brandybuck,Project a,2012-04-09 08:33:21+00:00,2012-04-09 17:56:21+00:00,10
Merry Brandybuck,Project a,2012-04-12 09:05:59+00:00,2012-04-12 11:27:59+00:00,3
Merry Brandybuck,Project a,2012-04-14 22:17:30+00:00,2012-04-15 07:59:30+00:00,10
Merry Brandybuck,Project a,2012-04-15 20:19:43+00:00,2012-04-16 05:34:43+00:00,10
Merry Brandybuck,Project a,2012-04-18 19:47:10+00:00,2012-04-19 01:23:10+00:00,6
Merry Brandybuck,Project a,2012-04-27 22:04:08+00:00,2012-04-28 07:22:08+00:00,10
Merry Brandybuck,Project a,2012-04-28 20:19:20+00:00,2012-04-28 20:45:20+00:00,1
Merry Brandybuck,Project a,2012-04-29 03:16:35+00:00,2012-04-29 04:53:35+00:00,2
Merry Brandybuck,Project a,2012-05-01 19:15:16+00:00,2012-05-01 23:32:16+00:00,5
Merry Brandybuck,Project a,2012-05-04 10:36:51+00:00,2012-05-04 13:12:51+00:00,3
Merry Brandybuck,Project a,2012-05-04 13:02:09+00:00,2012-05-04 14:19:09+00:00,2
Merry Brandybuck,Project a,2012-05-05 08:52:03+00:00,2012-05-05 15:34:03+00:00,7
Merry Brandybuck,Project a,2012-05-11 01:45:31+00:00,2012-05-11 04:42:31+00:00,3
Merry Brandybuck,Project a,2012-05-11 04:30:24+00:00,2012-05-11 05:56:24+00:00,2
Merry Brandybuck,Project a,2012-05-11 22:11:08+00:00,2012-05-11 23:19:08+00:00,2
Merry Brandybuck,Project a,2012-05-11 23:14:21+00:00,2012-05-12 04:35:21+00:00,6
Merry Brandybuck,Project a,2012-05-17 10:34:07+00:00,2012-05-17 13:31:07+00:00,3
Merry Brandybuck,Project a,2012-05-18 12:15:45+00:00,2012-05-18 16:23:45+00:00,5
Merry Brandybuck,Project a,2012-05-24 22:23:37+00:00,2012-05-25 04:09:37+00:00,6
Merry Brandybuck,Project a,2012-05-31 08:38:18+00:00,2012-05-31 14:51:18+00:00,7
Merry Brandybuck,Project a,2012-06-06 20:20:57+00:00,2012-06-06 21:10:57+00:00,1
Merry Brandybuck,Project a,2012-06-06 21:08:14+00:00,2012-06-06 22:12:14+00:00,2
Merry Brandybuck,Project a,2012-06-13 08:09:10+00:00,2012-06-13 15:21:10+00:00,8
Merry Brandybuck,Project a,2012-06-18 21:58:52+00:00,2012-06-19 05:50:52+00:00,8
Merry Brandybuck,Project a,2012-06-25 11:33:48+00:00,2012-06-25 15:35:48+00:00,5
Merry Brandybuck,Project a,2012-06-26 05:37:38+00:00,2012-06-26 13:00:38+00:00,8
Merry Brandybuck,Project a,2012-07-01 21:00:04+00:00,2012-07-02 04:39:04+00:00,8
Merry Brandybuck,Project a,2012-07-02 19:06:55+00:00,2012-07-03 02:00:55+00:00,7
Merry Brandybuck,Project a,2012-07-08 08:21:24+00:00,2012-07-08 16:34:24+00:00,9
Merry Brandybuck,Project a,2012-07-09 06:01:21+00:00,2012-07-09 12:49:21+00:00,7
Merry Brandybuck,Project a,2012-07-14 19:38:05+00:00,2012-07-15 03:36:05+00:00,8
Merry Brandybuck,Project a,2012-07-22 08:08:56+00:00,2012-07-22 13:31:56+00:00,6
Merry Brandybuck,Project a,2012-07-27 22:22:40+00:00,2012-07-28 04:01:40+00:00,6
Merry Brandybuck,Project a,2012-08-04 07:15:41+00:00,2012-08-04 10:07:41+00:00,3
Merry Brandybuck,Project a,2012-08-04 09:54:14+00:00,2012-08-04 11:17:14+00:00,2
Merry Brandybuck,Project a,2012-08-10 18:05:29+00:00,2012-08-10 18:38:29+00:00,1
Merry Brandybuck,Project a,2012-08-17 07:09:44+00:00,2012-08-17 12:38:44+00:00,6
Merry Brandybuck,Project a,2012-09-05 19:03:08+00:00,2012-09-05 21:50:08+00:00,3
Merry Brandybuck,Project a,2012-09-12 06:21:40+00:00,2012-09-12 08:13:40+00:00,2
Merry Brandybuck,Project a,2012-09-12 08:05:21+00:00,2012-09-12 08:56:21+00:00,1
Merry Brandybuck,Project a,2012-09-18 18:22:52+00:00,2012-09-18 23:46:52+00:00,6
Merry Brandybuck,Project a,2012-09-25 06:03:40+00:00,2012-09-25 12:24:40+00:00,7
Merry Brandybuck,Project a,2012-09-30 23:07:02+00:00,2012-10-01 02:04:02+00:00,3
Merry Brandybuck,Project a,2012-10-12 23:31:26+00:00,2012-10-12 23:39:26+00:00,1
Merry Brandybuck,Project a,2012-10-20 11:59:22+00:00,2012-10-20 14:02:22+00:00,3
Merry Brandybuck,Project a,2012-11-02 06:30:21+00:00,2012-11-02 12:59:21+00:00,7
Merry Brandybuck,Project a,2012-11-15 06:05:51+00:00,2012-11-15 10:12:51+00:00,5
Merry Brandybuck,Project a,2012-11-15 09:55:07+00:00,2012-11-15 11:05:07+00:00,2
Merry Brandybuck,Project a,2012-11-18 23:23:54+00:00,2012-11-19 00:28:54+00:00,2
Merry Brandybuck,Project a,2012-11-19 00:24:38+00:00,2012-11-19 03:12:38+00:00,3
Merry Brandybuck,Project c,2012-11-19 03:00:51+00:00,2012-11-19 03:53:51+00:00,1
Merry Brandybuck,Project c,2012-11-21 16:09:18+00:00,2012-11-21 18:22:18+00:00,3
Merry Brandybuck,Project a,2012-11-21 18:11:49+00:00,2012-11-21 18:52:49+00:00,1
Merry Brandybuck,Project c,2012-11-21 18:48:59+00:00,2012-11-22 00:03:59+00:00,6
Merry Brandybuck,Project c,2012-11-22 18:17:46+00:00,2012-11-22 22:23:46+00:00,5
Merry Brandybuck,Project c,2012-11-25 13:24:08+00:00,2012-11-25 18:08:08+00:00,5
Merry Brandybuck,Project c,2012-11-28 07:23:32+00:00,2012-11-28 12:11:32+00:00,5
Merry Brandybuck,Project a,2012-12-02 01:08:38+00:00,2012-12-02 04:08:38+00:00,3
Merry Brandybuck,Project c,2012-12-05 14:07:25+00:00,2012-12-05 22:12:25+00:00,9
Merry Brandybuck,Project c,2012-12-08 14:38:37+00:00,2012-12-08 16:41:37+00:00,3
Merry Brandybuck,Project c,2012-12-11 07:00:53+00:00,2012-12-11 12:04:53+00:00,6
Merry Brandybuck,Project c,2012-12-12 02:05:49+00:00,2012-12-12 10:14:49+00:00,9
Merry Brandybuck,Project c,2012-12-18 15:07:49+00:00,2012-12-18 21:26:49+00:00,7
Merry Brandybuck,Project a,2012-12-21 12:28:39+00:00,2012-12-21 16:04:39+00:00,4
Merry Brandybuck,Project c,2012-12-21 15:48:33+00:00,2012-12-21 16:16:33+00:00,1
Merry Brandybuck,Project c,2012-12-24 03:40:58+00:00,2012-12-24 08:36:58+00:00,5
Merry Brandybuck,Project a,2012-12-28 00:11:18+00:00,2012-12-28 00:57:18+00:00,1
Merry Brandybuck,Project c,2012-12-28 02:01:05+00:00,2012-12-28 04:27:05+00:00,3
Merry Brandybuck,Project c,2012-12-31 12:12:35+00:00,2012-12-31 17:21:35+00:00,6
Pippin Took,Project a,2012-01-01 10:00:00+00:00,2012-01-01 11:00:00+00:00,1
Pippin Took,Project a,2012-01-04 20:55:48+00:00,2012-01-04 21:55:48+00:00,1
Pippin Took,Project a,2012-01-13 08:19:16+00:00,2012-01-13 09:19:16+00:00,1
Pippin Took,Project a,2012-01-19 07:10:45+00:00,2012-01-19 08:10:45+00:00,1
Pippin Took,Project a,2012-01-20 14:39:23+00:00,2012-01-20 15:39:23+00:00,1
Pippin Took,Project a,2012-01-30 07:06:11+00:00,2012-01-30 08:06:11+00:00,1
Pippin Took,Project a,2012-02-07 18:29:39+00:00,2012-02-07 19:29:39+00:00,1
Pippin Took,Project a,2012-02-24 17:16:34+00:00,2012-02-24 18:16:34+00:00,1
Pippin Took,Project a,2012-03-04 04:40:02+00:00,2012-03-04 05:40:02+00:00,1
Pippin Took,Project a,2012-03-12 16:03:30+00:00,2012-03-12 17:03:30+00:00,1
Pippin Took,Project a,2012-03-22 10:55:35+00:00,2012-03-22 11:55:35+00:00,1
Pippin Took,Project a,2012-03-23 13:33:39+00:00,2012-03-23 15:03:39+00:00,2
Pippin Took,Project a,2012-03-23 19:36:51+00:00,2012-03-23 21:36:51+00:00,2
Pippin Took,Project a,2012-03-29 14:50:25+00:00,2012-03-29 15:50:25+00:00,1
Pippin Took,Project a,2012-04-07 01:01:14+00:00,2012-04-07 03:01:14+00:00,2
Pippin Took,Project a,2012-04-15 12:24:42+00:00,2012-04-15 14:24:42+00:00,2
Pippin Took,Project a,2012-04-15 15:25:05+00:00,2012-04-15 17:25:05+00:00,2
Pippin Took,Project a,2012-04-22 18:37:32+00:00,2012-04-22 20:37:32+00:00,2
Pippin Took,Project a,2012-04-23 23:48:09+00:00,2012-04-24 01:48:09+00:00,2
Pippin Took,Project a,2012-05-03 15:48:20+00:00,2012-05-03 17:18:20+00:00,2
Pippin Took,Project a,2012-05-03 18:03:56+00:00,2012-05-03 18:38:56+00:00,1
Pippin Took,Project a,2012-05-07 13:56:04+00:00,2012-05-07 14:06:04+00:00,1
Pippin Took,Project a,2012-05-07 14:04:32+00:00,2012-05-07 15:34:32+00:00,2
Pippin Took,Project a,2012-05-10 23:47:43+00:00,2012-05-11 00:47:43+00:00,1
Pippin Took,Project a,2012-05-12 09:06:31+00:00,2012-05-12 09:16:31+00:00,1
Pippin Took,Project a,2012-05-17 08:20:19+00:00,2012-05-17 11:05:19+00:00,3
Pippin Took,Project a,2012-05-19 08:45:54+00:00,2012-05-19 09:45:54+00:00,1
Pippin Took,Project a,2012-05-19 09:58:32+00:00,2012-05-19 11:58:32+00:00,2
Pippin Took,Project a,2012-05-20 18:03:29+00:00,2012-05-20 19:33:29+00:00,2
Pippin Took,Project a,2012-05-22 02:48:23+00:00,2012-05-22 03:48:23+00:00,1
Pippin Took,Project a,2012-05-22 23:55:57+00:00,2012-05-23 00:55:57+00:00,1
Pippin Took,Project a,2012-05-23 06:35:28+00:00,2012-05-23 08:05:28+00:00,2
Pippin Took,Project a,2012-05-24 04:59:18+00:00,2012-05-24 05:59:18+00:00,1
Pippin Took,Project a,2012-05-25 09:26:20+00:00,2012-05-25 12:26:20+00:00,3
Pippin Took,Project a,2012-05-25 13:40:34+00:00,2012-05-25 17:40:34+00:00,4
Pippin Took,Project a,2012-05-26 19:56:34+00:00,2012-05-26 21:26:34+00:00,2
Pippin Took,Project a,2012-05-28 02:19:49+00:00,2012-05-28 03:34:49+00:00,2
Pippin Took,Project a,2012-05-31 13:44:42+00:00,2012-05-31 16:14:42+00:00,3
Pippin Took,Project a,2012-06-02 01:40:53+00:00,2012-06-02 04:55:53+00:00,4
Pippin Took,Project a,2012-06-04 03:05:47+00:00,2012-06-04 05:05:47+00:00,2
Pippin Took,Project a,2012-06-04 04:54:45+00:00,2012-06-04 05:54:45+00:00,1
Pippin Took,Project a,2012-06-05 08:45:28+00:00,2012-06-05 10:45:28+00:00,2
Pippin Took,Project a,2012-06-09 02:20:48+00:00,2012-06-09 04:50:48+00:00,3
Pippin Took,Project a,2012-06-27 04:58:26+00:00,2012-06-27 06:28:26+00:00,2
Pippin Took,Project a,2012-06-30 17:06:53+00:00,2012-06-30 20:36:53+00:00,4
Pippin Took,Project a,2012-07-07 00:12:57+00:00,2012-07-07 02:12:57+00:00,2
Pippin Took,Project a,2012-07-08 06:06:30+00:00,2012-07-08 07:36:30+00:00,2
Pippin Took,Project a,2012-07-09 12:45:30+00:00,2012-07-09 13:45:30+00:00,1
Pippin Took,Project a,2012-07-16 16:39:07+00:00,2012-07-16 17:39:07+00:00,1
Pippin Took,Project a,2012-08-03 16:29:41+00:00,2012-08-03 19:29:41+00:00,3
Pippin Took,Project a,2012-08-08 14:32:03+00:00,2012-08-08 16:02:03+00:00,2
Pippin Took,Project a,2012-08-09 17:46:26+00:00,2012-08-10 01:46:26+00:00,8
Pippin Took,Project a,2012-08-18 05:46:13+00:00,2012-08-18 08:16:13+00:00,3
Pippin Took,Project a,2012-08-19 16:16:27+00:00,2012-08-19 17:16:27+00:00,1
Pippin Took,Project a,2012-08-19 18:41:44+00:00,2012-08-19 21:11:44+00:00,3
Pippin Took,Project a,2012-08-20 16:29:15+00:00,2012-08-20 21:29:15+00:00,5
Pippin Took,Project a,2012-08-24 07:39:18+00:00,2012-08-24 12:39:18+00:00,5
Pippin Took,Project a,2012-08-26 16:33:22+00:00,2012-08-27 01:33:22+00:00,9
Pippin Took,Project a,2012-08-28 01:14:38+00:00,2012-08-28 05:14:38+00:00,4
Pippin Took,Project a,2012-08-31 13:23:05+00:00,2012-08-31 14:38:05+00:00,2
Pippin Took,Project a,2012-09-01 18:26:26+00:00,2012-09-01 20:56:26+00:00,3
Pippin Took,Project a,2012-09-01 22:40:41+00:00,2012-09-02 00:06:41+00:00,2
Pippin Took,Project a,2012-09-02 04:47:30+00:00,2012-09-02 05:48:30+00:00,2
Pippin Took,Project a,2012-09-03 00:42:26+00:00,2012-09-03 02:12:26+00:00,2
Pippin Took,Project a,2012-09-05 10:12:49+00:00,2012-09-05 11:42:49+00:00,2
Pippin Took,Project a,2012-09-18 15:48:37+00:00,2012-09-18 22:28:37+00:00,7
Pippin Took,Project a,2012-09-21 03:20:04+00:00,2012-09-21 11:20:04+00:00,8
Pippin Took,Project a,2012-09-22 07:10:47+00:00,2012-09-22 09:40:47+00:00,3
Pippin Took,Project a,2012-09-23 18:17:20+00:00,2012-09-23 21:47:20+00:00,4
Pippin Took,Project a,2012-09-27 08:14:44+00:00,2012-09-27 13:14:44+00:00,5
Pippin Took,Project a,2012-09-29 18:57:46+00:00,2012-09-29 19:57:46+00:00,1
Pippin Took,Project a,2012-09-29 20:10:24+00:00,2012-09-29 22:10:24+00:00,2
Pippin Took,Project a,2012-10-02 00:50:14+00:00,2012-10-02 06:20:14+00:00,6
Pippin Took,Project a,2012-10-04 11:33:15+00:00,2012-10-04 17:33:15+00:00,6
Pippin Took,Project a,2012-10-05 14:47:39+00:00,2012-10-05 18:17:39+00:00,4
Pippin Took,Project a,2012-10-05 20:50:50+00:00,2012-10-05 22:50:50+00:00,2
Pippin Took,Project a,2012-10-06 19:51:00+00:00,2012-10-06 22:51:00+00:00,3
Pippin Took,Project a,2012-10-07 03:06:50+00:00,2012-10-07 03:51:50+00:00,1
Pippin Took,Project a,2012-10-08 01:30:40+00:00,2012-10-08 04:30:40+00:00,3
Pippin Took,Project a,2012-10-08 06:21:13+00:00,2012-10-08 08:21:13+00:00,2
Pippin Took,Project a,2012-10-10 11:37:22+00:00,2012-10-10 15:37:22+00:00,4
Pippin Took,Project a,2012-10-14 02:11:06+00:00,2012-10-14 06:11:06+00:00,4
Pippin Took,Project a,2012-10-16 12:17:48+00:00,2012-10-16 20:17:48+00:00,8
Pippin Took,Project a,2012-10-24 00:04:48+00:00,2012-10-24 02:04:48+00:00,2
Pippin Took,Project a,2012-10-24 23:41:16+00:00,2012-10-25 03:11:16+00:00,4
Pippin Took,Project a,2012-10-27 11:00:37+00:00,2012-10-27 16:00:37+00:00,5
Pippin Took,Project a,2012-10-31 00:58:01+00:00,2012-10-31 07:58:01+00:00,7
Pippin Took,Project a,2012-11-02 11:04:44+00:00,2012-11-02 18:04:44+00:00,7
Pippin Took,Project a,2012-11-09 17:24:50+00:00,2012-11-09 23:54:50+00:00,7
Pippin Took,Project a,2012-11-10 22:28:11+00:00,2012-11-11 06:28:11+00:00,8
Pippin Took,Project a,2012-11-19 09:51:39+00:00,2012-11-19 16:51:39+00:00,7
Pippin Took,Project a,2012-11-20 14:55:00+00:00,2012-11-20 22:55:00+00:00,8
Pippin Took,Project a,2012-11-21 19:58:21+00:00,2012-11-22 03:58:21+00:00,8
Pippin Took,Project a,2012-11-25 10:32:05+00:00,2012-11-25 18:32:05+00:00,8
Pippin Took,Project a,2012-11-27 20:38:47+00:00,2012-11-28 00:26:47+00:00,4
Pippin Took,Project a,2012-12-13 14:22:22+00:00,2012-12-13 22:22:22+00:00,8
Pippin Took,Project a,2012-12-14 19:25:43+00:00,2012-12-15 03:25:43+00:00,8
Pippin Took,Project a,2012-12-23 06:49:10+00:00,2012-12-23 13:49:10+00:00,7
Pippin Took,Project a,2012-12-24 11:52:31+00:00,2012-12-24 18:52:31+00:00,7
Pippin Took,Project a,2012-12-25 16:55:52+00:00,2012-12-26 00:55:52+00:00,8
Samwise Gamgee,Project c,2012-01-02 01:54:04+00:00,2012-01-02 03:24:04+00:00,2
Samwise Gamgee,Project c,2012-01-08 13:39:56+00:00,2012-01-08 20:33:56+00:00,7
Samwise Gamgee,Project c,2012-01-09 18:18:17+00:00,2012-01-09 19:41:17+00:00,2
Samwise Gamgee,Project f,2012-01-13 10:15:08+00:00,2012-01-13 11:16:08+00:00,2
Samwise Gamgee,Project c,2012-01-13 20:25:29+00:00,2012-01-13 23:46:29+00:00,4
Samwise Gamgee,Project b,2012-01-18 13:44:26+00:00,2012-01-18 14:44:26+00:00,1
Samwise Gamgee,Project f,2012-01-23 23:47:33+00:00,2012-01-24 05:00:33+00:00,6
Samwise Gamgee,Project f,2012-01-25 04:31:45+00:00,2012-01-25 07:10:45+00:00,3
Samwise Gamgee,Project c,2012-02-01 03:12:31+00:00,2012-02-01 11:02:31+00:00,8
Samwise Gamgee,Project f,2012-02-01 23:11:00+00:00,2012-02-01 23:45:00+00:00,1
Samwise Gamgee,Project f,2012-02-03 13:48:23+00:00,2012-02-03 20:48:23+00:00,7
Samwise Gamgee,Project f,2012-02-05 05:29:39+00:00,2012-02-05 17:35:39+00:00,13
Samwise Gamgee,Project f,2012-02-07 14:38:06+00:00,2012-02-07 23:43:06+00:00,10
Samwise Gamgee,Project c,2012-02-10 21:11:38+00:00,2012-02-10 22:11:38+00:00,1
Samwise Gamgee,Project f,2012-02-21 12:09:18+00:00,2012-02-21 18:41:18+00:00,7
Samwise Gamgee,Project b,2012-02-22 07:56:20+00:00,2012-02-22 09:35:20+00:00,2
Samwise Gamgee,Project f,2012-03-05 00:30:18+00:00,2012-03-05 04:52:18+00:00,5
Samwise Gamgee,Project f,2012-03-07 09:49:54+00:00,2012-03-07 13:39:54+00:00,4
Samwise Gamgee,Project f,2012-03-07 21:11:58+00:00,2012-03-08 04:41:58+00:00,8
Samwise Gamgee,Project f,2012-03-09 18:03:25+00:00,2012-03-09 22:35:25+00:00,5
Samwise Gamgee,Project c,2012-03-11 03:35:55+00:00,2012-03-11 08:50:55+00:00,6
Samwise Gamgee,Project c,2012-03-11 22:07:21+00:00,2012-03-12 00:11:21+00:00,3
Samwise Gamgee,Project c,2012-03-12 18:10:41+00:00,2012-03-12 20:37:41+00:00,3
Samwise Gamgee,Project c,2012-03-13 21:22:47+00:00,2012-03-14 01:00:47+00:00,4
Samwise Gamgee,Project d,2012-03-16 01:17:32+00:00,2012-03-16 05:17:32+00:00,4
Samwise Gamgee,Project d,2012-03-16 07:44:21+00:00,2012-03-16 11:06:21+00:00,4
Samwise Gamgee,Project f,2012-03-20 19:22:31+00:00,2012-03-20 22:52:31+00:00,4
Samwise Gamgee,Project d,2012-03-20 22:13:02+00:00,2012-03-20 23:13:02+00:00,1
Samwise Gamgee,Project d,2012-03-28 08:51:09+00:00,2012-03-28 10:51:09+00:00,2
Samwise Gamgee,Project c,2012-04-02 00:27:04+00:00,2012-04-02 04:01:04+00:00,4
Samwise Gamgee,Project c,2012-04-03 04:55:07+00:00,2012-04-03 08:01:07+00:00,4
Samwise Gamgee,Project f,2012-04-07 00:23:24+00:00,2012-04-07 02:10:24+00:00,2
Samwise Gamgee,Project c,2012-04-12 18:01:55+00:00,2012-04-12 20:35:55+00:00,3
Samwise Gamgee,Project f,2012-04-18 05:09:59+00:00,2012-04-18 13:26:59+00:00,9
Samwise Gamgee,Project f,2012-04-18 19:32:19+00:00,2012-04-18 22:00:19+00:00,3
Samwise Gamgee,Project f,2012-04-19 18:31:06+00:00,2012-04-19 20:58:06+00:00,3
Samwise Gamgee,Project f,2012-04-20 15:56:50+00:00,2012-04-20 17:23:50+00:00,2
Samwise Gamgee,Project f,2012-04-20 19:12:37+00:00,2012-04-21 06:05:37+00:00,11
Samwise Gamgee,Project c,2012-04-24 05:58:10+00:00,2012-04-24 09:59:10+00:00,5
Samwise Gamgee,Project c,2012-04-25 15:07:30+00:00,2012-04-25 20:59:30+00:00,6
Samwise Gamgee,Project c,2012-05-01 01:43:06+00:00,2012-05-01 08:37:06+00:00,7
Samwise Gamgee,Project f,2012-05-01 07:18:36+00:00,2012-05-01 11:15:36+00:00,4
Samwise Gamgee,Project c,2012-05-05 12:21:20+00:00,2012-05-05 13:53:20+00:00,2
Samwise Gamgee,Project c,2012-05-06 21:30:50+00:00,2012-05-07 00:40:50+00:00,4
Samwise Gamgee,Project d,2012-05-08 17:20:46+00:00,2012-05-08 18:45:46+00:00,2
Samwise Gamgee,Project c,2012-05-09 07:30:10+00:00,2012-05-09 08:52:10+00:00,2
Samwise Gamgee,Project f,2012-05-10 21:35:26+00:00,2012-05-11 07:07:26+00:00,10
Samwise Gamgee,Project c,2012-05-12 11:29:26+00:00,2012-05-12 13:47:26+00:00,3
Samwise Gamgee,Project f,2012-05-14 08:46:27+00:00,2012-05-14 12:01:27+00:00,4
Samwise Gamgee,Project f,2012-05-16 15:29:57+00:00,2012-05-16 19:38:57+00:00,5
Samwise Gamgee,Project d,2012-05-17 00:29:06+00:00,2012-05-17 03:10:06+00:00,3
Samwise Gamgee,Project d,2012-05-18 09:46:28+00:00,2012-05-18 14:19:28+00:00,5
Samwise Gamgee,Project d,2012-05-19 01:04:55+00:00,2012-05-19 07:29:55+00:00,7
Samwise Gamgee,Project d,2012-05-20 03:48:34+00:00,2012-05-20 05:53:34+00:00,3
Samwise Gamgee,Project f,2012-05-22 04:06:58+00:00,2012-05-22 13:17:58+00:00,10
Samwise Gamgee,Project b,2012-05-22 12:22:39+00:00,2012-05-22 15:52:39+00:00,4
Samwise Gamgee,Project c,2012-05-23 05:25:44+00:00,2012-05-23 06:42:44+00:00,2
Samwise Gamgee,Project c,2012-05-25 11:25:32+00:00,2012-05-25 15:15:32+00:00,4
Samwise Gamgee,Project d,2012-05-29 02:10:19+00:00,2012-05-29 03:40:19+00:00,2
Samwise Gamgee,Project c,2012-05-31 08:01:11+00:00,2012-05-31 09:22:11+00:00,2
Samwise Gamgee,Project d,2012-06-05 03:16:45+00:00,2012-06-05 12:26:45+00:00,10
Samwise Gamgee,Project d,2012-06-05 12:20:01+00:00,2012-06-05 16:11:01+00:00,4
Samwise Gamgee,Project d,2012-06-06 18:12:03+00:00,2012-06-06 20:25:03+00:00,3
Samwise Gamgee,Project d,2012-06-06 21:52:10+00:00,2012-06-07 01:59:10+00:00,5
Samwise Gamgee,Project d,2012-06-23 02:08:16+00:00,2012-06-23 07:12:16+00:00,6
Samwise Gamgee,Project d,2012-06-23 08:38:19+00:00,2012-06-23 09:37:19+00:00,1
Samwise Gamgee,Project d,2012-06-26 05:52:24+00:00,2012-06-26 12:16:24+00:00,7
Samwise Gamgee,Project d,2012-06-26 14:42:38+00:00,2012-06-26 18:03:38+00:00,4
Samwise Gamgee,Project d,2012-06-28 16:30:48+00:00,2012-06-29 01:50:48+00:00,10
Samwise Gamgee,Project c,2012-07-01 22:37:20+00:00,2012-07-02 00:23:20+00:00,2
Samwise Gamgee,Project d,2012-07-03 16:07:47+00:00,2012-07-03 21:35:47+00:00,6
Samwise Gamgee,Project d,2012-07-06 14:26:25+00:00,2012-07-06 17:09:25+00:00,3
Samwise Gamgee,Project d,2012-07-10 19:49:51+00:00,2012-07-10 21:41:51+00:00,2
Samwise Gamgee,Project d,2012-07-15 21:12:06+00:00,2012-07-16 01:53:06+00:00,5
Samwise Gamgee,Project c,2012-07-18 23:07:01+00:00,2012-07-19 01:20:01+00:00,3
Samwise Gamgee,Project d,2012-07-24 00:30:28+00:00,2012-07-24 01:50:28+00:00,2
Samwise Gamgee,Project d,2012-07-25 10:27:09+00:00,2012-07-25 18:35:09+00:00,9
Samwise Gamgee,Project d,2012-07-29 17:09:01+00:00,2012-07-29 22:15:01+00:00,6
Samwise Gamgee,Project c,2012-07-30 08:45:13+00:00,2012-07-30 12:45:13+00:00,4
Samwise Gamgee,Project d,2012-08-04 09:46:38+00:00,2012-08-04 13:34:38+00:00,4
Samwise Gamgee,Project d,2012-08-10 14:21:28+00:00,2012-08-10 15:41:28+00:00,2
Samwise Gamgee,Project a,2012-08-21 12:35:59+00:00,2012-08-21 14:06:59+00:00,2
Samwise Gamgee,Project c,2012-08-22 01:37:06+00:00,2012-08-22 04:35:06+00:00,3
Samwise Gamgee,Project b,2012-08-27 02:54:39+00:00,2012-08-27 04:34:39+00:00,2
Samwise Gamgee,Project a,2012-08-30 06:05:25+00:00,2012-08-30 08:35:25+00:00,3
Samwise Gamgee,Project d,2012-09-03 06:42:56+00:00,2012-09-03 09:12:56+00:00,3
Samwise Gamgee,Project a,2012-09-03 08:44:44+00:00,2012-09-03 10:14:44+00:00,2
Samwise Gamgee,Project d,2012-09-04 03:18:58+00:00,2012-09-04 08:13:58+00:00,5
Samwise Gamgee,Project d,2012-09-06 22:12:23+00:00,2012-09-06 23:52:23+00:00,2
Samwise Gamgee,Project c,2012-09-09 02:13:37+00:00,2012-09-09 08:54:37+00:00,7
Samwise Gamgee,Project d,2012-09-09 21:19:36+00:00,2012-09-10 02:59:36+00:00,6
Samwise Gamgee,Project d,2012-09-11 10:24:09+00:00,2012-09-11 12:52:09+00:00,3
Samwise Gamgee,Project d,2012-09-14 15:40:33+00:00,2012-09-14 17:23:33+00:00,2
Samwise Gamgee,Project d,2012-09-19 22:21:28+00:00,2012-09-19 23:47:28+00:00,2
Samwise Gamgee,Project a,2012-09-26 01:59:21+00:00,2012-09-26 03:14:21+00:00,2
Samwise Gamgee,Project d,2012-09-27 13:42:58+00:00,2012-09-27 16:27:58+00:00,3
Samwise Gamgee,Project a,2012-10-02 02:22:01+00:00,2012-10-02 04:36:01+00:00,3
Samwise Gamgee,Project c,2012-10-03 13:50:33+00:00,2012-10-03 15:50:33+00:00,2
Samwise Gamgee,Project d,2012-10-13 02:24:52+00:00,2012-10-13 04:04:52+00:00,2
Samwise Gamgee,Project c,2012-11-04 02:36:23+00:00,2012-11-04 08:36:23+00:00,6
Samwise Gamgee,Project d,2012-11-12 02:38:22+00:00,2012-11-12 04:38:22+00:00,2
Samwise Gamgee,Project d,2012-11-20 06:20:46+00:00,2012-11-20 09:15:46+00:00,3
Samwise Gamgee,Project a,2012-11-20 09:36:04+00:00,2012-11-20 10:34:04+00:00,1
Samwise Gamgee,Project c,2012-11-20 15:52:01+00:00,2012-11-20 16:43:01+00:00,1
Samwise Gamgee,Project d,2012-11-21 01:00:06+00:00,2012-11-21 02:00:06+00:00,1
Samwise Gamgee,Project c,2012-11-22 00:32:57+00:00,2012-11-22 04:32:57+00:00,4
Samwise Gamgee,Project d,2012-11-22 07:51:25+00:00,2012-11-22 08:37:25+00:00,1
Samwise Gamgee,Project c,2012-11-26 00:21:45+00:00,2012-11-26 05:21:45+00:00,5
Samwise Gamgee,Project c,2012-11-26 19:02:17+00:00,2012-11-27 01:22:17+00:00,7
Samwise Gamgee,Project c,2012-12-03 10:21:21+00:00,2012-12-03 13:28:21+00:00,4
Samwise Gamgee,Project a,2012-12-04 03:14:14+00:00,2012-12-04 04:44:14+00:00,2
Samwise Gamgee,Project c,2012-12-04 05:40:24+00:00,2012-12-04 08:10:24+00:00,3
Samwise Gamgee,Project a,2012-12-04 21:54:46+00:00,2012-12-04 22:55:46+00:00,2
Samwise Gamgee,Project a,2012-12-14 22:39:52+00:00,2012-12-15 01:09:52+00:00,3
Samwise Gamgee,Project c,2012-12-15 14:05:32+00:00,2012-12-15 15:35:32+00:00,2
Samwise Gamgee,Project a,2012-12-16 08:46:03+00:00,2012-12-16 10:46:03+00:00,2
Samwise Gamgee,Project a,2012-12-18 18:00:43+00:00,2012-12-18 19:00:43+00:00,1
Samwise Gamgee,Project c,2012-12-19 06:48:03+00:00,2012-12-19 11:34:03+00:00,5
Samwise Gamgee,Project c,2012-12-20 11:27:00+00:00,2012-12-20 14:10:00+00:00,3
Samwise Gamgee,Project c,2012-12-26 17:38:20+00:00,2012-12-26 21:08:20+00:00,4
Samwise Gamgee,Project f,2012-12-26 20:28:51+00:00,2012-12-26 23:58:51+00:00,4
Samwise Gamgee,Project f,2012-12-27 03:47:19+00:00,2012-12-27 05:32:19+00:00,2
Samwise Gamgee,Project f,2012-12-31 14:33:50+00:00,2012-12-31 17:33:50+00:00,3
